1559	https://happy.wiz-services.com/exellent/p-sac/	REVIVAL P-SAC （ピーサック）
1518	https://happy.wiz-services.com/exellent/flora-jelly/	REVIVAL フローラゼリー
628	https://happy.wiz-services.com/supplement/herb_charcoal/	ハーブ＆チャコール
337	https://happy.wiz-services.com/exellent/beauty_set/	ビューティセット
335	https://happy.wiz-services.com/skincare/lucent_powder/	リファインN ルーセントパウダー
334	https://happy.wiz-services.com/skincare/base_color/	リファインN ベースカラー
333	https://happy.wiz-services.com/skincare/essence/	リファインN エッセンス
332	https://happy.wiz-services.com/skincare/skin_lotion/	リファインN スキンローション
331	https://happy.wiz-services.com/skincare/crean_form/	リファインN クリーンフォーム
320	https://happy.wiz-services.com/exellent/placenta/	ビューティープラセンタ
319	https://happy.wiz-services.com/exellent/superstar/	スーパアスタ
317	https://happy.wiz-services.com/exellent/herb_capsule/	スーパーハーブ （カプセルタイプ）
313	https://happy.wiz-services.com/exellent/herb_ekisu/	スーパーハーブ （エキスタイプ）
293	https://happy.wiz-services.com/skincare/skinmilk/	リファインN スキンミルク
202	https://happy.wiz-services.com/supplement/slimcal/	スリムカル
200	https://happy.wiz-services.com/supplement/bioharmony/	バイオハーモニー
198	https://happy.wiz-services.com/supplement/protein_green/	プロテイングリーン
196	https://happy.wiz-services.com/supplement/rooibos_tea/	ルイボスティー
194	https://happy.wiz-services.com/supplement/eleute_ex/	エレウテエキス
111	https://happy.wiz-services.com/supplement/bio_balance/	バイオバランス
109	https://happy.wiz-services.com/supplement/calcium_bc/	カルシウム＆Ｂ・Ｃ
107	https://happy.wiz-services.com/supplement/rosehip_c/	アセロラローズヒップ・Ｃ
105	https://happy.wiz-services.com/supplement/gadx/	Ｇ＆Ａ ＤＸ
90	https://happy.wiz-services.com/supplement/prune/	プルーン
